epochs,last_error,test_error,time
1,0.06749270304321323,0.31,0.24466586112976074
5,0.02471904185827755,0.25,1.3148550987243652
10,0.016967420558084857,0.22,2.9091479778289795
15,0.013212798459415719,0.13,17.162060260772705
20,0.01193617385092153,0.15,13.157785177230835
25,0.010227398163596454,0.17,16.060625553131104
30,0.006397857612808729,0.14,19.34841752052307
35,0.005409043078958914,0.14,22.47269558906555
