epochs,last_error,test_error,time
1,0.07046696967428016,3.74,0.48311352729797363
5,0.023742107167327393,2.22,2.0414531230926514
10,0.01758047525660305,2.27,3.912569284439087
15,0.012465808171028941,2.12,5.119298219680786
20,0.008141727781757677,1.93,8.608062744140625
25,0.007817639884744399,2.02,10.633292436599731
30,0.008933037384054314,2.05,12.221704959869385
35,0.006253292293377265,2.05,12.996288299560547
