layers,last_error,test_error,time
2,0.008498793878056446,0.17,4.141327381134033
3,0.00736410318229825,0.22,17.7011079788208
4,0.007734327819176884,0.23,14.009162902832031
5,0.016423384629841845,0.23,16.070650100708008
6,0.021029240811114354,0.19,17.663877725601196
7,0.0847809690856666,0.74,18.068758487701416
8,0.08903634016910078,0.75,32.01057577133179
9,0.08973645326511777,0.76,55.140247106552124
10,0.09271260561988601,0.77,32.79108929634094
