layers,last_error,test_error,time
2,0.00991830052822523,2.11,4.727254867553711
3,0.008264165823656197,2.14,7.03970742225647
4,0.011128581972836107,2.1,7.532708644866943
5,0.014958221880602064,2.63,8.245053768157959
6,0.019169536574396986,2.97,9.00096845626831
7,0.03507945108521523,4.48,9.596593141555786
8,0.08626181008577001,8.19,11.42044734954834
9,0.08757323396885801,8.24,13.22512698173523
10,0.0902170479511346,8.27,15.624993085861206
